{"cameraMode":{"drawMode":0,"name":"Shaded","section":"Shading Mode"},"sceneLighting":false,"audioPlay":false,"sceneViewState":{"showFog":true,"showMaterialUpdate":false,"showSkybox":false,"showFlares":true,"showImageEffects":true,"showParticleSystems":true,"showVisualEffectGraphs":true,"m_FxEnabled":true},"in2DMode":false,"pivot":{"x":-0.00015407800674438477,"y":0.8583922386169434,"z":0.9524750709533691},"rotation":{"x":-0.021025778725743295,"y":0.9636132717132568,"z":-0.07967894524335861,"w":-0.25427940487861636},"size":1.2522939443588257,"orthographic":true}