{"cameraMode":{"drawMode":0,"name":"Shaded","section":"Shading Mode"},"sceneLighting":true,"audioPlay":false,"sceneViewState":{"showFog":true,"showMaterialUpdate":false,"showSkybox":true,"showFlares":true,"showImageEffects":true,"showParticleSystems":true,"showVisualEffectGraphs":true,"m_FxEnabled":true},"in2DMode":false,"pivot":{"x":0.23774853348731996,"y":1.196319818496704,"z":0.30081185698509219},"rotation":{"x":-0.09850893169641495,"y":0.8522835373878479,"z":-0.1736527979373932,"w":-0.48346900939941409},"size":1.290825366973877,"orthographic":true}