{"cameraMode":{"drawMode":0,"name":"Shaded","section":"Shading Mode"},"sceneLighting":true,"audioPlay":false,"sceneViewState":{"showFog":true,"showMaterialUpdate":false,"showSkybox":true,"showFlares":true,"showImageEffects":true,"showParticleSystems":true,"showVisualEffectGraphs":true,"m_FxEnabled":true},"in2DMode":false,"pivot":{"x":0.25405851006507876,"y":1.5856640338897706,"z":-0.016180425882339479},"rotation":{"x":0.046359773725271228,"y":0.9094152450561523,"z":0.10550710558891297,"w":-0.3995932936668396},"size":0.27707892656326296,"orthographic":true}