{"cameraMode":{"drawMode":0,"name":"Shaded","section":"Shading Mode"},"sceneLighting":true,"audioPlay":false,"sceneViewState":{"showFog":true,"showMaterialUpdate":false,"showSkybox":true,"showFlares":true,"showImageEffects":true,"showParticleSystems":true,"showVisualEffectGraphs":true,"m_FxEnabled":true},"in2DMode":false,"pivot":{"x":-0.21273303031921388,"y":1.104164481163025,"z":0.28690239787101748},"rotation":{"x":0.0007899749907664955,"y":0.9912784099578857,"z":0.00594788184389472,"w":-0.13161484897136689},"size":0.7221596240997315,"orthographic":true}