{"cameraMode":{"drawMode":0,"name":"Shaded","section":"Shading Mode"},"sceneLighting":true,"audioPlay":false,"sceneViewState":{"showFog":true,"showMaterialUpdate":false,"showSkybox":true,"showFlares":true,"showImageEffects":true,"showParticleSystems":true,"showVisualEffectGraphs":true,"m_FxEnabled":true},"in2DMode":false,"pivot":{"x":0.0009298705263063312,"y":1.0283856391906739,"z":0.018043657764792444},"rotation":{"x":-0.01585315354168415,"y":0.9838931560516357,"z":-0.11414772272109986,"w":-0.1366458684206009},"size":3.2192609310150148,"orthographic":true}