{"cameraMode":{"drawMode":0,"name":"Shaded","section":"Shading Mode"},"sceneLighting":true,"audioPlay":false,"sceneViewState":{"showFog":true,"showMaterialUpdate":false,"showSkybox":true,"showFlares":true,"showImageEffects":true,"showParticleSystems":true,"showVisualEffectGraphs":true,"m_FxEnabled":true},"in2DMode":false,"pivot":{"x":-0.33509817719459536,"y":0.9139338731765747,"z":0.1037423312664032},"rotation":{"x":-0.01585315354168415,"y":0.9838931560516357,"z":-0.11414772272109986,"w":-0.1366458684206009},"size":1.5799438953399659,"orthographic":true}