{"cameraMode":{"drawMode":0,"name":"Shaded","section":"Shading Mode"},"sceneLighting":true,"audioPlay":false,"sceneViewState":{"showFog":true,"showMaterialUpdate":false,"showSkybox":true,"showFlares":true,"showImageEffects":true,"showParticleSystems":true,"showVisualEffectGraphs":true,"m_FxEnabled":true},"in2DMode":false,"pivot":{"x":-0.19521498680114747,"y":-1.4425407648086548,"z":0.12067580223083496},"rotation":{"x":-0.22444148361682893,"y":-0.3032451868057251,"z":0.07373476028442383,"w":-0.9231510758399963},"size":1.4462007284164429,"orthographic":true}