{"cameraMode":{"drawMode":0,"name":"Shaded","section":"Shading Mode"},"sceneLighting":true,"audioPlay":false,"sceneViewState":{"showFog":true,"showMaterialUpdate":false,"showSkybox":true,"showFlares":true,"showImageEffects":true,"showParticleSystems":true,"showVisualEffectGraphs":true,"m_FxEnabled":true},"in2DMode":false,"pivot":{"x":-0.24561357498168946,"y":1.244704246520996,"z":-1.1874359846115113},"rotation":{"x":-0.021025778725743295,"y":0.9636132717132568,"z":-0.07967894524335861,"w":-0.25427940487861636},"size":0.5998801589012146,"orthographic":true}