{"cameraMode":{"drawMode":0,"name":"Shaded","section":"Shading Mode"},"sceneLighting":true,"audioPlay":false,"sceneViewState":{"showFog":true,"showMaterialUpdate":false,"showSkybox":true,"showFlares":true,"showImageEffects":true,"showParticleSystems":true,"showVisualEffectGraphs":true,"m_FxEnabled":true},"in2DMode":false,"pivot":{"x":-3.7329421043395998,"y":4.121891975402832,"z":0.33108997344970705},"rotation":{"x":-0.03941112756729126,"y":0.9291566610336304,"z":-0.10385329276323319,"w":-0.35260313749313357},"size":3.5740585327148439,"orthographic":false}