{"cameraMode":{"drawMode":0,"name":"Shaded","section":"Shading Mode"},"sceneLighting":true,"audioPlay":false,"sceneViewState":{"showFog":true,"showMaterialUpdate":false,"showSkybox":true,"showFlares":true,"showImageEffects":true,"showParticleSystems":true,"showVisualEffectGraphs":true,"m_FxEnabled":true},"in2DMode":false,"pivot":{"x":-0.7766828536987305,"y":0.9655075073242188,"z":-0.48898792266845705},"rotation":{"x":0.20815947651863099,"y":-0.6192066669464111,"z":0.17497363686561585,"w":0.7366419434547424},"size":3.8253049850463869,"orthographic":true}